{
    "loss": 0.8585802912712097,
    "accuracy": 0.8620154857635498
}