{
    "loss": 0.35976192355155945,
    "accuracy": 0.9255813956260681
}