{
    "loss": 3.1979684829711914,
    "accuracy": 0.6403100490570068
}